filename,xmin,ymin,xmax,ymax,class_name,class,height,iou_with_dont_care
003206.png,584.97,172.95,590.64,194.6,Pedestrian,2,21.650000000000006,0.0
003206.png,590.29,173.84,596.29,194.88,Pedestrian,2,21.039999999999992,0.0
004443.png,0.0,154.38,204.16,373.0,Pedestrian,2,218.62,0.0
004443.png,160.85,172.94,252.19,373.0,Pedestrian,2,200.06,0.0
004443.png,0.0,171.67,91.4,373.0,Pedestrian,2,201.33,0.0
004443.png,296.24,161.1,379.24,346.37,Pedestrian,2,185.27,0.0
004443.png,241.17,168.55,308.17,343.26,Pedestrian,2,174.70999999999998,0.0
004443.png,671.48,158.26,694.81,225.08,Pedestrian,2,66.82000000000002,0.0
004443.png,527.71,168.98,543.71,215.37,Pedestrian,2,46.390000000000015,0.0
004443.png,535.63,166.37,551.29,214.71,Pedestrian,2,48.34,0.0
000746.png,32.92,154.61,105.04,303.76,Pedestrian,2,149.14999999999998,0.0
005439.png,824.68,143.78,918.68,332.16,Pedestrian,2,188.38000000000002,0.0
004786.png,236.94,166.52,283.61,302.7,Pedestrian,2,136.17999999999998,0.0
004786.png,168.92,150.28,229.92,308.23,Pedestrian,2,157.95000000000002,0.0
004786.png,355.54,154.45,425.21,335.86,Pedestrian,2,181.41000000000003,0.0
004786.png,716.26,168.99,727.92,210.07,Pedestrian,2,41.079999999999984,0.0
004786.png,730.81,175.08,744.15,210.79,Pedestrian,2,35.70999999999998,0.0
004786.png,1108.81,174.45,1122.14,217.77,Pedestrian,2,43.32000000000002,0.0
004786.png,1137.22,182.2,1161.22,226.48,Pedestrian,2,44.28,0.0
006937.png,768.05,165.55,848.38,373.0,Pedestrian,2,207.45,0.0
006937.png,853.7,151.89,964.36,373.0,Pedestrian,2,221.11,0.0
006937.png,172.63,165.55,270.96,373.0,Pedestrian,2,207.45,0.0
006937.png,749.12,172.06,780.78,260.37,Pedestrian,2,88.31,0.0
006937.png,752.96,173.04,783.96,251.52,Pedestrian,2,78.48000000000002,0.0
006937.png,1172.73,148.34,1223.73,245.29,Pedestrian,2,96.94999999999999,0.0
006937.png,907.99,161.9,932.65,236.66,Pedestrian,2,74.75999999999999,0.0
006937.png,1086.71,159.88,1166.38,355.75,Pedestrian,2,195.87,0.0
006926.png,193.47,144.46,275.14,374.0,Pedestrian,2,229.54,0.0
006926.png,674.81,175.19,687.31,212.05,Pedestrian,2,36.860000000000014,0.0
005316.png,694.62,175.43,703.96,201.82,Pedestrian,2,26.389999999999986,0.0
002435.png,863.34,153.04,907.01,277.93,Pedestrian,2,124.89000000000001,0.0
000518.png,853.18,143.54,911.39,321.81,Pedestrian,2,178.27,0.06613697856664658
000518.png,73.02,172.99,128.47,291.68,Pedestrian,2,118.69,0.0
000518.png,150.62,162.97,201.34,293.66,Pedestrian,2,130.69000000000003,0.0
000518.png,866.77,152.65,922.33,293.82,Pedestrian,2,141.17,0.0
006189.png,790.0,175.28,834.0,265.6,Pedestrian,2,90.32000000000002,0.0
006189.png,252.25,166.71,269.25,209.69,Pedestrian,2,42.97999999999999,0.0
006189.png,304.78,173.6,316.12,202.49,Pedestrian,2,28.890000000000015,0.0
006795.png,216.35,164.93,299.02,324.11,Pedestrian,2,159.18,0.0
002651.png,536.74,163.08,591.4,324.89,Pedestrian,2,161.80999999999997,0.0
005353.png,400.05,177.04,412.38,209.69,Pedestrian,2,32.650000000000006,0.0
000720.png,135.48,180.06,179.76,293.17,Pedestrian,2,113.11000000000001,0.0
000720.png,1.49,166.57,62.6,259.44,Pedestrian,2,92.87,0.0
000720.png,400.45,165.2,421.73,231.02,Pedestrian,2,65.82000000000002,0.0
002583.png,871.38,144.64,961.38,373.0,Pedestrian,2,228.36,0.0
002583.png,0.0,132.32,143.91,373.0,Pedestrian,2,240.68,0.5371218323707581
002583.png,580.63,147.06,613.3,240.78,Pedestrian,2,93.72,0.0
002583.png,844.15,157.57,895.82,346.31,Pedestrian,2,188.74,0.0
002583.png,743.87,155.33,796.54,312.3,Pedestrian,2,156.97,0.0
002583.png,713.63,156.33,753.97,287.99,Pedestrian,2,131.66,0.0
002583.png,804.94,145.5,885.5,271.23,Pedestrian,2,125.73000000000002,0.0
002583.png,778.46,160.61,829.8,289.87,Pedestrian,2,129.26,0.0
002583.png,791.08,144.56,826.41,242.98,Pedestrian,2,98.41999999999999,0.0
005784.png,805.79,149.73,838.12,240.8,Pedestrian,2,91.07000000000002,0.0
004192.png,189.19,136.03,279.19,299.12,Pedestrian,2,163.09,0.0
001189.png,208.73,147.75,285.56,306.13,Pedestrian,2,158.38,0.0
005528.png,787.44,159.81,822.44,283.65,Pedestrian,2,123.83999999999997,0.0
005528.png,738.44,170.71,770.11,266.89,Pedestrian,2,96.17999999999998,0.0
005528.png,167.3,175.74,206.97,301.56,Pedestrian,2,125.82,0.0
006433.png,603.3,164.4,615.96,187.25,Pedestrian,2,22.849999999999994,0.0
006433.png,465.45,170.37,474.12,195.27,Pedestrian,2,24.900000000000006,0.0
004378.png,730.95,165.88,749.13,216.47,Pedestrian,2,50.59,0.0
001572.png,502.2,177.39,527.39,234.35,Pedestrian,2,56.96000000000001,0.0
001572.png,441.56,169.87,475.89,257.16,Pedestrian,2,87.29000000000002,0.0
001572.png,708.95,164.7,728.76,227.58,Pedestrian,2,62.880000000000024,0.0
001572.png,726.06,165.73,748.9,225.31,Pedestrian,2,59.58000000000001,0.0
001572.png,1222.33,164.31,1241.0,310.42,Pedestrian,2,146.11,0.0
002524.png,478.66,157.23,511.66,234.81,Pedestrian,2,77.58000000000001,0.0
002524.png,499.08,157.9,524.42,232.29,Pedestrian,2,74.38999999999999,0.0
000189.png,660.51,145.73,706.89,262.13,Pedestrian,2,116.4,0.0
000189.png,549.49,129.31,578.58,225.29,Pedestrian,2,95.97999999999999,0.0
000189.png,592.18,142.3,623.62,224.85,Pedestrian,2,82.54999999999998,0.0
000189.png,654.37,147.3,678.72,222.86,Pedestrian,2,75.56,0.0
006749.png,964.84,146.96,990.84,211.32,Pedestrian,2,64.35999999999999,0.0
006749.png,228.12,136.69,340.45,369.0,Pedestrian,2,232.31,0.0
006749.png,88.82,128.22,199.16,369.0,Pedestrian,2,240.78,0.0
006749.png,185.43,110.82,302.1,369.0,Pedestrian,2,258.18,0.0
006749.png,755.43,155.61,781.1,244.23,Pedestrian,2,88.61999999999998,0.0
006749.png,1051.96,141.01,1095.3,251.12,Pedestrian,2,110.11000000000001,0.0
006749.png,1075.32,129.29,1120.65,260.03,Pedestrian,2,130.73999999999998,0.0
006749.png,1065.33,149.43,1097.33,253.83,Pedestrian,2,104.4,0.0
000179.png,271.26,180.77,288.93,230.94,Pedestrian,2,50.16999999999999,0.0
004790.png,343.69,187.04,396.27,279.09,Pedestrian,2,92.04999999999998,0.0
001029.png,782.39,142.35,855.51,326.26,Pedestrian,2,183.91,0.0
002780.png,802.43,141.35,852.98,276.07,Pedestrian,2,134.72,0.0
002780.png,844.67,150.48,864.18,207.62,Pedestrian,2,57.140000000000015,0.0
002780.png,701.98,151.1,740.88,238.94,Pedestrian,2,87.84,0.0
002780.png,652.81,152.92,688.61,239.34,Pedestrian,2,86.42000000000002,0.0
002780.png,655.58,144.26,693.19,239.85,Pedestrian,2,95.59,0.0
002780.png,907.32,147.75,934.39,211.84,Pedestrian,2,64.09,0.0
002780.png,1097.5,141.99,1123.61,212.93,Pedestrian,2,70.94,0.0
000992.png,838.1,155.55,876.76,246.7,Pedestrian,2,91.14999999999998,0.0
000992.png,617.58,165.0,629.91,195.01,Pedestrian,2,30.00999999999999,0.0
000992.png,621.51,166.96,633.17,196.2,Pedestrian,2,29.23999999999998,0.0
006303.png,374.93,181.13,391.6,234.56,Pedestrian,2,53.43000000000001,0.0
006303.png,376.52,195.97,389.18,233.82,Pedestrian,2,37.849999999999994,0.0
000559.png,627.18,164.95,688.51,335.35,Pedestrian,2,170.40000000000003,0.0
000559.png,682.41,155.76,757.41,330.93,Pedestrian,2,175.17000000000002,0.0
000559.png,190.81,160.89,265.81,341.88,Pedestrian,2,180.99,0.0
000559.png,743.85,163.78,771.18,234.21,Pedestrian,2,70.43,0.0
000559.png,750.65,164.35,770.65,212.83,Pedestrian,2,48.48000000000002,0.0
000559.png,775.6,165.67,797.93,244.43,Pedestrian,2,78.76000000000002,0.0
005231.png,878.07,144.14,961.3,320.12,Pedestrian,2,175.98000000000002,0.0
004529.png,864.63,165.56,880.29,209.05,Pedestrian,2,43.49000000000001,0.0
002769.png,507.0,158.31,576.17,301.18,Pedestrian,2,142.87,0.0
004338.png,548.42,159.96,579.42,223.41,Pedestrian,2,63.44999999999999,0.0
004338.png,403.14,158.56,425.85,230.01,Pedestrian,2,71.44999999999999,0.0
004338.png,211.94,177.12,233.32,231.61,Pedestrian,2,54.49000000000001,0.0
004338.png,205.93,180.54,231.24,233.02,Pedestrian,2,52.48000000000002,0.0
004338.png,277.44,176.09,306.2,230.29,Pedestrian,2,54.19999999999999,0.0
004338.png,247.61,173.03,280.98,239.67,Pedestrian,2,66.63999999999999,0.0
004338.png,362.18,160.69,386.1,228.07,Pedestrian,2,67.38,0.0
002424.png,120.83,168.09,171.29,273.15,Pedestrian,2,105.05999999999997,0.0
002424.png,191.9,170.38,243.95,261.76,Pedestrian,2,91.38,0.0
003302.png,441.43,176.75,450.1,221.7,Pedestrian,2,44.94999999999999,0.0
003876.png,796.66,165.56,822.66,223.34,Pedestrian,2,57.78,0.0
003876.png,933.52,169.98,950.19,211.37,Pedestrian,2,41.390000000000015,0.0
003876.png,1036.53,161.11,1051.53,215.94,Pedestrian,2,54.829999999999984,0.0
003876.png,997.44,167.75,1006.44,204.51,Pedestrian,2,36.75999999999999,0.0
003793.png,163.84,154.58,258.5,369.0,Pedestrian,2,214.42,0.0
003793.png,44.97,154.12,163.97,369.0,Pedestrian,2,214.88,0.0
003793.png,354.2,170.94,382.2,240.38,Pedestrian,2,69.44,0.0
006024.png,878.41,158.53,921.08,264.73,Pedestrian,2,106.20000000000002,0.0
006024.png,890.84,162.54,935.51,267.87,Pedestrian,2,105.33000000000001,0.0
007052.png,844.97,163.08,857.97,190.15,Pedestrian,2,27.069999999999993,0.0
001088.png,153.89,166.54,233.41,333.35,Pedestrian,2,166.81000000000003,0.0
004436.png,365.33,179.43,378.53,216.92,Pedestrian,2,37.48999999999998,0.0
006652.png,987.23,142.65,1095.57,317.91,Pedestrian,2,175.26000000000002,0.0
002283.png,57.17,194.63,78.17,255.24,Pedestrian,2,60.610000000000014,0.0
006564.png,412.39,168.84,433.72,233.01,Pedestrian,2,64.16999999999999,0.0
002772.png,898.4,163.28,917.74,212.93,Pedestrian,2,49.650000000000006,0.0
005336.png,0.0,165.93,130.27,373.0,Pedestrian,2,207.07,0.0
005336.png,635.2,148.71,670.87,231.66,Pedestrian,2,82.94999999999999,0.0
005336.png,466.35,164.81,480.35,213.35,Pedestrian,2,48.53999999999999,0.0
005336.png,472.57,163.16,491.23,213.6,Pedestrian,2,50.44,0.0
005336.png,325.7,164.53,361.7,220.11,Pedestrian,2,55.58000000000001,0.0
003995.png,786.02,161.14,813.34,225.63,Pedestrian,2,64.49000000000001,0.0
003995.png,816.67,163.18,838.19,225.16,Pedestrian,2,61.97999999999999,0.0
003995.png,186.95,166.73,207.35,225.7,Pedestrian,2,58.97,0.0
005587.png,131.33,189.49,149.0,241.71,Pedestrian,2,52.22,0.0
001468.png,781.19,177.35,829.85,285.01,Pedestrian,2,107.66,0.0
001468.png,688.93,171.59,700.93,202.07,Pedestrian,2,30.47999999999999,0.0
006159.png,331.66,167.48,354.66,228.64,Pedestrian,2,61.16,0.0
004149.png,755.77,158.07,802.29,271.99,Pedestrian,2,113.92000000000002,0.0
004149.png,661.54,157.38,686.28,219.01,Pedestrian,2,61.629999999999995,0.0
004346.png,764.35,124.25,832.62,326.45,Pedestrian,2,202.2,0.0
004346.png,942.66,149.64,996.41,292.3,Pedestrian,2,142.66000000000003,0.0
002979.png,636.73,145.24,660.73,202.41,Pedestrian,2,57.16999999999999,0.0
002979.png,243.94,139.35,287.27,259.19,Pedestrian,2,119.84,0.0
002979.png,597.27,139.17,627.93,209.5,Pedestrian,2,70.33000000000001,0.0
002979.png,815.48,114.85,1173.9,369.0,Pedestrian,2,254.15,0.0
002979.png,758.21,170.96,972.68,369.0,Pedestrian,2,198.04,0.0
002979.png,800.5,126.74,1001.08,369.0,Pedestrian,2,242.26,0.0
002979.png,901.42,189.68,1083.8,369.0,Pedestrian,2,179.32,0.0
002979.png,936.08,146.03,1143.14,369.0,Pedestrian,2,222.97,0.0
002979.png,1060.99,161.97,1223.0,369.0,Pedestrian,2,207.03,0.0
002979.png,491.73,163.79,584.06,369.0,Pedestrian,2,205.21,0.0
002979.png,568.15,142.89,629.81,309.51,Pedestrian,2,166.62,0.0
002979.png,689.12,153.99,746.12,305.62,Pedestrian,2,151.63,0.0
002979.png,738.93,138.85,797.93,301.04,Pedestrian,2,162.19000000000003,0.0
002979.png,800.32,135.48,885.99,287.63,Pedestrian,2,152.15,0.0
004605.png,783.95,151.84,856.56,296.7,Pedestrian,2,144.85999999999999,0.0
007290.png,1104.26,119.65,1220.59,369.0,Pedestrian,2,249.35,0.0
007290.png,1075.5,135.98,1160.5,366.7,Pedestrian,2,230.72,0.0
007290.png,1006.99,123.71,1092.32,369.0,Pedestrian,2,245.29000000000002,0.0
007290.png,713.21,163.74,727.54,207.18,Pedestrian,2,43.44,0.0
007290.png,694.2,165.78,709.86,208.58,Pedestrian,2,42.80000000000001,0.0
005724.png,486.86,159.89,542.4,309.24,Pedestrian,2,149.35000000000002,0.0
006095.png,258.0,165.63,318.64,329.87,Pedestrian,2,164.24,0.0
003162.png,699.98,158.56,792.32,310.88,Pedestrian,2,152.32,0.0
005031.png,897.0,149.45,958.66,322.02,Pedestrian,2,172.57,0.0
005031.png,1085.82,120.74,1143.82,264.24,Pedestrian,2,143.5,0.0
005031.png,716.43,154.79,739.09,220.42,Pedestrian,2,65.63,0.0
005031.png,737.51,156.67,750.18,204.79,Pedestrian,2,48.120000000000005,0.0
005031.png,762.13,153.31,779.13,202.16,Pedestrian,2,48.849999999999994,0.0
005031.png,713.86,152.45,738.86,210.13,Pedestrian,2,57.68000000000001,0.0
005031.png,721.92,148.88,742.59,211.36,Pedestrian,2,62.48000000000002,0.0
000496.png,656.63,167.32,679.63,234.59,Pedestrian,2,67.27000000000001,0.0
000496.png,678.59,164.06,703.26,234.12,Pedestrian,2,70.06,0.0
000496.png,476.02,162.09,502.68,234.17,Pedestrian,2,72.07999999999998,0.0
004028.png,575.74,164.5,607.41,252.27,Pedestrian,2,87.77000000000001,0.0
004028.png,648.67,156.79,686.34,247.99,Pedestrian,2,91.20000000000002,0.0
004028.png,320.43,165.58,350.43,245.33,Pedestrian,2,79.75,0.0
004028.png,616.78,164.86,647.45,253.94,Pedestrian,2,89.07999999999998,0.0
004028.png,748.0,143.17,853.66,336.32,Pedestrian,2,193.15,0.0
004028.png,1161.47,133.81,1236.47,308.82,Pedestrian,2,175.01,0.0
004028.png,702.33,155.22,731.33,253.79,Pedestrian,2,98.57,0.0
004028.png,866.61,156.23,940.28,311.52,Pedestrian,2,155.29,0.0
004414.png,623.6,160.86,630.4,180.75,Pedestrian,2,19.889999999999986,0.0
004414.png,473.84,167.39,490.25,189.08,Pedestrian,2,21.690000000000026,0.0
006613.png,1030.16,151.18,1131.32,343.1,Pedestrian,2,191.92000000000002,0.0
006613.png,406.9,159.98,431.63,241.15,Pedestrian,2,81.17000000000002,0.0
006613.png,348.44,164.01,390.47,291.52,Pedestrian,2,127.50999999999999,0.0
006613.png,661.82,171.25,684.69,219.41,Pedestrian,2,48.16,0.0
006613.png,518.86,169.57,539.63,229.92,Pedestrian,2,60.349999999999994,0.0
006613.png,578.2,167.46,593.12,215.56,Pedestrian,2,48.099999999999994,0.0469328910112381
006613.png,629.15,165.83,644.57,211.84,Pedestrian,2,46.00999999999999,0.0
005718.png,763.41,165.67,787.9,219.48,Pedestrian,2,53.81,0.0
005718.png,1006.17,161.44,1019.5,212.2,Pedestrian,2,50.75999999999999,0.0
005718.png,979.62,169.55,987.41,204.41,Pedestrian,2,34.859999999999985,0.0
004772.png,739.21,163.52,759.6,217.89,Pedestrian,2,54.369999999999976,0.0
004977.png,482.84,179.78,496.15,211.01,Pedestrian,2,31.22999999999999,0.0
003264.png,784.52,173.35,811.18,275.59,Pedestrian,2,102.23999999999998,0.0
001252.png,674.59,165.21,716.92,267.54,Pedestrian,2,102.33000000000001,0.0
001252.png,724.09,158.79,765.43,264.49,Pedestrian,2,105.70000000000002,0.0
001252.png,412.19,162.03,455.19,270.72,Pedestrian,2,108.69000000000003,0.0
001252.png,761.57,166.79,774.24,215.62,Pedestrian,2,48.83000000000001,0.0
003315.png,573.24,150.54,613.24,278.74,Pedestrian,2,128.20000000000002,0.0
003725.png,726.45,166.94,744.11,215.83,Pedestrian,2,48.890000000000015,0.0
004273.png,748.97,179.52,770.97,241.22,Pedestrian,2,61.69999999999999,0.0
001424.png,698.11,175.6,707.98,203.04,Pedestrian,2,27.439999999999998,0.0
004290.png,259.82,162.3,301.52,298.45,Pedestrian,2,136.14999999999998,0.0
004290.png,315.52,166.86,338.99,270.92,Pedestrian,2,104.06,0.0
004290.png,321.17,174.71,347.21,281.86,Pedestrian,2,107.15,0.0
001964.png,674.21,163.77,689.21,207.2,Pedestrian,2,43.42999999999998,0.0
001964.png,678.72,166.24,692.72,208.09,Pedestrian,2,41.849999999999994,0.0
001964.png,615.66,170.69,626.66,197.04,Pedestrian,2,26.349999999999994,0.0
000734.png,113.31,164.22,150.14,335.59,Pedestrian,2,171.36999999999998,0.0
000734.png,164.32,167.68,206.66,339.26,Pedestrian,2,171.57999999999998,0.0
001464.png,885.35,183.56,986.02,374.0,Pedestrian,2,190.44,0.0
001464.png,690.5,172.66,706.5,207.46,Pedestrian,2,34.80000000000001,0.0
001196.png,463.56,166.02,500.0,254.09,Pedestrian,2,88.07,0.0
001196.png,510.77,170.72,534.58,240.39,Pedestrian,2,69.66999999999999,0.0
001196.png,517.1,167.73,540.97,239.0,Pedestrian,2,71.27000000000001,0.0
005418.png,677.88,170.08,717.21,272.6,Pedestrian,2,102.52000000000001,0.0
005418.png,853.73,150.01,876.73,229.88,Pedestrian,2,79.87,0.0
005418.png,674.67,159.71,692.33,204.84,Pedestrian,2,45.129999999999995,0.0
005418.png,660.97,161.94,675.97,203.3,Pedestrian,2,41.360000000000014,0.0
005418.png,679.02,159.05,689.78,200.47,Pedestrian,2,41.41999999999999,0.0
005418.png,703.22,154.18,719.22,197.8,Pedestrian,2,43.620000000000005,0.0
005418.png,719.49,155.93,730.83,202.89,Pedestrian,2,46.95999999999998,0.0
000937.png,564.4,177.45,583.25,225.75,Pedestrian,2,48.30000000000001,0.0
000937.png,533.74,171.96,557.77,234.04,Pedestrian,2,62.079999999999984,0.0
000937.png,730.31,166.35,747.68,217.08,Pedestrian,2,50.73000000000002,0.0
000937.png,749.19,166.76,766.74,215.09,Pedestrian,2,48.33000000000001,0.0
000937.png,1091.66,155.87,1139.58,271.13,Pedestrian,2,115.25999999999999,0.0
000937.png,1071.99,163.44,1107.13,263.85,Pedestrian,2,100.41000000000003,0.0
001640.png,521.94,157.65,545.86,206.35,Pedestrian,2,48.69999999999999,0.0
001640.png,415.4,158.74,438.66,211.92,Pedestrian,2,53.17999999999998,0.0
001640.png,366.28,166.95,390.01,217.2,Pedestrian,2,50.25,0.0
001640.png,444.39,161.61,457.28,214.36,Pedestrian,2,52.75,0.0
001384.png,985.05,139.36,1058.05,315.29,Pedestrian,2,175.93,0.0
007118.png,800.18,163.31,842.28,259.31,Pedestrian,2,96.0,0.0
007118.png,737.15,178.22,768.9,248.28,Pedestrian,2,70.06,0.0
002860.png,933.53,129.34,1003.86,328.35,Pedestrian,2,199.01000000000002,0.0
002860.png,1096.77,151.39,1150.11,288.96,Pedestrian,2,137.57,0.0
001748.png,707.89,153.22,732.65,234.07,Pedestrian,2,80.85,0.0
000368.png,945.88,153.78,1030.55,314.71,Pedestrian,2,160.92999999999998,0.0
004844.png,962.86,141.29,1034.53,319.23,Pedestrian,2,177.94000000000003,0.0
004367.png,618.52,162.55,634.86,214.33,Pedestrian,2,51.78,0.0
004367.png,601.04,164.72,621.71,215.71,Pedestrian,2,50.99000000000001,0.0
003140.png,760.43,167.53,785.1,232.93,Pedestrian,2,65.4,0.0
001198.png,307.94,162.53,345.6,274.86,Pedestrian,2,112.33000000000001,0.0
001198.png,294.29,162.21,339.2,267.43,Pedestrian,2,105.22,0.0
005082.png,726.95,167.98,779.28,300.1,Pedestrian,2,132.12000000000003,0.0
005082.png,406.91,167.76,444.58,272.59,Pedestrian,2,104.82999999999998,0.0
005082.png,338.97,169.51,370.97,269.71,Pedestrian,2,100.19999999999999,0.0
005082.png,881.93,163.66,919.93,267.68,Pedestrian,2,104.02000000000001,0.0
005082.png,838.31,161.64,882.31,264.22,Pedestrian,2,102.58000000000004,0.0
005082.png,651.37,167.24,681.37,239.32,Pedestrian,2,72.07999999999998,0.0
005082.png,732.45,174.9,770.45,292.6,Pedestrian,2,117.70000000000002,0.0
005082.png,709.55,172.9,759.11,276.21,Pedestrian,2,103.30999999999997,0.0
005082.png,698.6,174.14,726.26,266.88,Pedestrian,2,92.74000000000001,0.0
005082.png,778.77,163.03,811.77,254.56,Pedestrian,2,91.53,0.0
005082.png,785.34,162.05,815.34,237.73,Pedestrian,2,75.67999999999998,0.0
003954.png,374.71,155.77,425.4,300.99,Pedestrian,2,145.22,0.0
004053.png,90.36,132.66,181.69,300.84,Pedestrian,2,168.17999999999998,0.0
002775.png,640.62,167.1,672.29,266.25,Pedestrian,2,99.15,0.0
002775.png,432.7,172.93,464.37,244.18,Pedestrian,2,71.25,0.0
002775.png,412.61,173.86,433.28,240.75,Pedestrian,2,66.88999999999999,0.0
002775.png,744.73,166.11,764.06,230.24,Pedestrian,2,64.13,0.0
002775.png,616.16,168.83,642.82,232.9,Pedestrian,2,64.07,0.0
002775.png,682.68,170.33,713.01,265.76,Pedestrian,2,95.42999999999998,0.0
002775.png,710.55,163.15,738.22,239.91,Pedestrian,2,76.75999999999999,0.0
002775.png,740.32,162.24,775.96,228.06,Pedestrian,2,65.82,0.0
002775.png,142.98,178.53,191.98,288.81,Pedestrian,2,110.28,0.0
004972.png,811.01,156.2,839.24,226.36,Pedestrian,2,70.16000000000003,0.0
004972.png,824.42,158.01,850.18,226.13,Pedestrian,2,68.12,0.0
002618.png,991.33,154.89,1052.33,288.76,Pedestrian,2,133.87,0.0
004869.png,635.97,144.73,705.63,323.51,Pedestrian,2,178.78,0.0
000200.png,880.69,173.34,929.34,335.38,Pedestrian,2,162.04,0.0
003018.png,402.94,178.19,443.76,275.94,Pedestrian,2,97.75,0.0
003018.png,90.81,163.11,268.82,374.0,Pedestrian,2,210.89,0.0
003018.png,148.89,162.97,220.79,374.0,Pedestrian,2,211.03,0.0
003018.png,858.98,150.36,916.31,300.49,Pedestrian,2,150.13,0.0
003018.png,908.38,157.31,974.34,299.31,Pedestrian,2,142.0,0.0
003018.png,329.95,170.69,395.36,324.89,Pedestrian,2,154.2,0.0
003770.png,30.01,144.48,130.07,333.68,Pedestrian,2,189.20000000000002,0.0
003797.png,871.68,153.06,933.94,287.99,Pedestrian,2,134.93,0.0
003349.png,334.02,158.16,403.7,301.84,Pedestrian,2,143.67999999999998,0.0
003686.png,470.93,178.42,478.93,201.52,Pedestrian,2,23.100000000000023,0.0
006211.png,727.28,167.9,738.62,211.5,Pedestrian,2,43.599999999999994,0.0
000341.png,238.55,159.27,285.88,299.17,Pedestrian,2,139.9,0.0
000341.png,229.92,158.26,287.45,287.0,Pedestrian,2,128.74,0.0
006174.png,750.15,165.82,771.26,214.13,Pedestrian,2,48.31,0.0
006174.png,771.65,168.3,789.67,214.49,Pedestrian,2,46.19,0.0
006201.png,519.85,157.9,594.18,306.55,Pedestrian,2,148.65,0.0
000292.png,418.88,175.06,430.55,205.14,Pedestrian,2,30.079999999999984,0.0
005746.png,428.46,158.47,511.46,369.0,Pedestrian,2,210.53,0.0
005007.png,103.74,143.44,184.41,306.22,Pedestrian,2,162.78000000000003,0.0
002322.png,473.07,170.56,487.07,218.73,Pedestrian,2,48.16999999999999,0.0
005098.png,867.32,163.68,893.98,265.4,Pedestrian,2,101.71999999999997,0.0
002994.png,521.04,156.13,571.91,290.86,Pedestrian,2,134.73000000000002,0.0
003511.png,1016.0,144.03,1115.89,334.02,Pedestrian,2,189.98999999999998,0.0
003511.png,794.24,160.22,829.84,244.19,Pedestrian,2,83.97,0.0
005598.png,10.77,163.9,41.77,235.63,Pedestrian,2,71.72999999999999,0.0
005598.png,173.56,174.22,185.22,215.48,Pedestrian,2,41.25999999999999,0.0
005037.png,487.66,166.01,512.99,235.52,Pedestrian,2,69.51000000000002,0.0
005037.png,463.51,167.09,496.51,236.26,Pedestrian,2,69.16999999999999,0.0
005037.png,437.7,170.59,450.7,209.84,Pedestrian,2,39.25,0.0
004731.png,233.43,144.3,327.43,334.42,Pedestrian,2,190.12,0.0
002245.png,612.66,161.75,620.14,183.25,Pedestrian,2,21.5,0.0
002245.png,472.5,167.51,483.11,190.95,Pedestrian,2,23.439999999999998,0.0
002180.png,945.33,148.77,1049.16,374.0,Pedestrian,2,225.23,0.0
002180.png,541.3,177.8,559.83,222.9,Pedestrian,2,45.099999999999994,0.0
002180.png,525.75,173.83,543.58,221.57,Pedestrian,2,47.73999999999998,0.0
003617.png,167.58,155.58,244.99,298.35,Pedestrian,2,142.77,0.0
000499.png,489.71,177.33,500.37,201.95,Pedestrian,2,24.619999999999976,0.0
006451.png,272.59,145.43,326.59,305.87,Pedestrian,2,160.44,0.0
000054.png,768.22,141.35,840.18,316.18,Pedestrian,2,174.83,0.0
002095.png,182.2,149.19,203.16,196.69,Pedestrian,2,47.5,0.0
002095.png,183.79,152.76,210.13,218.97,Pedestrian,2,66.21000000000001,0.0
002095.png,152.17,148.49,179.5,216.08,Pedestrian,2,67.59,0.0
002095.png,910.97,150.13,986.97,356.06,Pedestrian,2,205.93,0.0
002095.png,933.99,145.57,1005.66,336.45,Pedestrian,2,190.88,0.0
002095.png,1056.76,135.5,1139.1,360.38,Pedestrian,2,224.88,0.0
002095.png,1096.76,139.6,1223.0,369.0,Pedestrian,2,229.4,0.0
006639.png,931.71,162.32,1008.38,316.64,Pedestrian,2,154.32,0.0
002369.png,660.7,173.49,685.36,233.43,Pedestrian,2,59.94,0.0
002369.png,684.26,170.34,708.6,233.06,Pedestrian,2,62.72,0.0
002369.png,500.87,167.9,529.2,231.99,Pedestrian,2,64.09,0.0
002774.png,547.62,174.43,563.29,215.61,Pedestrian,2,41.18000000000001,0.0
002774.png,433.77,166.58,453.43,217.94,Pedestrian,2,51.359999999999985,0.0
002774.png,471.91,176.35,491.57,226.97,Pedestrian,2,50.620000000000005,0.0
004724.png,620.54,139.97,711.03,302.37,Pedestrian,2,162.4,0.0
001822.png,825.55,166.04,886.75,284.96,Pedestrian,2,118.91999999999999,0.0
001822.png,245.34,188.06,288.07,299.36,Pedestrian,2,111.30000000000001,0.0
001822.png,455.56,177.1,478.63,249.53,Pedestrian,2,72.43,0.0
001822.png,489.74,181.43,505.08,233.77,Pedestrian,2,52.34,0.0
001822.png,590.17,177.55,605.9,218.27,Pedestrian,2,40.72,0.14096689224243164
000381.png,574.94,157.06,613.27,278.91,Pedestrian,2,121.85000000000002,0.0
000685.png,726.75,160.0,756.03,231.2,Pedestrian,2,71.19999999999999,0.0
001716.png,1204.54,154.6,1223.0,369.0,Pedestrian,2,214.4,0.0
001716.png,190.87,151.84,207.87,198.89,Pedestrian,2,47.04999999999998,0.0
001716.png,302.62,158.04,320.62,209.47,Pedestrian,2,51.43000000000001,0.0
001716.png,260.39,154.03,278.05,197.06,Pedestrian,2,43.03,0.0
001716.png,333.33,157.92,370.33,248.88,Pedestrian,2,90.96000000000001,0.0
001716.png,355.04,157.77,411.4,244.98,Pedestrian,2,87.20999999999998,0.0
001716.png,396.45,157.93,444.78,252.15,Pedestrian,2,94.22,0.0
001716.png,521.0,155.77,569.67,280.04,Pedestrian,2,124.27000000000001,0.0
001716.png,566.14,158.45,622.8,268.13,Pedestrian,2,109.68,0.0
001716.png,372.9,160.61,412.9,275.49,Pedestrian,2,114.88,0.0
001716.png,418.02,158.22,461.69,268.39,Pedestrian,2,110.16999999999999,0.0
001716.png,452.6,163.09,500.93,260.31,Pedestrian,2,97.22,0.0
001716.png,333.28,158.3,373.94,256.56,Pedestrian,2,98.25999999999999,0.0
007327.png,865.31,143.03,952.98,321.71,Pedestrian,2,178.67999999999998,0.0
005683.png,452.99,154.97,541.32,325.61,Pedestrian,2,170.64000000000001,0.0
004027.png,656.47,164.15,681.14,236.28,Pedestrian,2,72.13,0.0
004027.png,681.43,160.89,709.76,235.6,Pedestrian,2,74.71000000000001,0.0
004027.png,456.21,162.42,485.88,239.69,Pedestrian,2,77.27000000000001,0.0
006873.png,580.96,156.09,617.68,267.17,Pedestrian,2,111.08000000000001,0.0
007223.png,907.93,154.55,954.93,302.05,Pedestrian,2,147.5,0.0
003649.png,569.79,149.68,621.47,310.73,Pedestrian,2,161.05,0.0
007157.png,1084.45,170.64,1234.6,374.0,Pedestrian,2,203.36,0.0
004215.png,10.22,172.2,27.22,215.0,Pedestrian,2,42.80000000000001,0.0
004215.png,44.84,171.5,69.51,211.28,Pedestrian,2,39.78,0.0
004215.png,177.93,166.41,204.43,213.47,Pedestrian,2,47.06,0.0
004215.png,568.65,165.79,581.32,199.92,Pedestrian,2,34.129999999999995,0.0
006785.png,717.65,162.98,737.98,239.54,Pedestrian,2,76.56,0.0
006785.png,687.33,170.45,706.0,234.55,Pedestrian,2,64.10000000000002,0.0
006785.png,331.1,170.49,348.6,249.16,Pedestrian,2,78.66999999999999,0.0
000448.png,562.21,170.42,573.88,199.21,Pedestrian,2,28.79000000000002,0.0
000448.png,448.31,175.33,463.64,206.86,Pedestrian,2,31.53,0.0
003554.png,453.31,161.41,468.64,199.6,Pedestrian,2,38.19,0.0
000763.png,529.72,169.09,539.72,201.48,Pedestrian,2,32.389999999999986,0.0
005448.png,729.64,162.44,754.68,247.07,Pedestrian,2,84.63,0.0
005448.png,696.84,167.61,718.03,237.38,Pedestrian,2,69.76999999999998,0.0
005448.png,304.23,172.0,326.18,258.86,Pedestrian,2,86.86000000000001,0.0
006474.png,23.19,165.52,54.86,253.59,Pedestrian,2,88.07,0.0
007161.png,797.31,148.66,847.59,267.21,Pedestrian,2,118.54999999999998,0.03952028229832649
007161.png,574.95,175.32,590.13,225.22,Pedestrian,2,49.900000000000006,0.0
007161.png,592.83,171.07,611.86,223.12,Pedestrian,2,52.05000000000001,0.0
007161.png,450.73,174.14,469.31,229.17,Pedestrian,2,55.03,0.0
004657.png,912.84,154.67,974.4,285.18,Pedestrian,2,130.51000000000002,0.0
004657.png,773.7,157.29,797.25,226.07,Pedestrian,2,68.78,0.0
005433.png,660.91,139.72,743.91,369.0,Pedestrian,2,229.28,0.03756691515445709
005433.png,593.7,145.66,712.03,369.0,Pedestrian,2,223.34,0.009237408638000488
005433.png,316.09,142.99,374.42,321.72,Pedestrian,2,178.73000000000002,0.0
005433.png,270.96,121.71,335.29,330.48,Pedestrian,2,208.77000000000004,0.0
005433.png,509.63,145.21,528.96,208.1,Pedestrian,2,62.889999999999986,0.0
005433.png,514.65,134.74,529.65,194.71,Pedestrian,2,59.97,0.0
005433.png,543.67,143.09,558.67,195.77,Pedestrian,2,52.68000000000001,0.0
005433.png,573.62,145.31,586.62,195.53,Pedestrian,2,50.22,0.0
006903.png,631.33,144.49,718.0,325.09,Pedestrian,2,180.59999999999997,0.0
005511.png,578.86,171.35,593.19,197.39,Pedestrian,2,26.039999999999992,0.0
005511.png,457.87,174.8,473.87,203.3,Pedestrian,2,28.5,0.0
000632.png,402.78,167.94,425.68,235.43,Pedestrian,2,67.49000000000001,0.0
001543.png,851.43,161.06,887.24,247.49,Pedestrian,2,86.43,0.0
001543.png,897.15,163.6,925.59,246.7,Pedestrian,2,83.1,0.0
001543.png,83.85,164.01,111.71,234.57,Pedestrian,2,70.56,0.0
002881.png,332.58,155.78,391.25,309.31,Pedestrian,2,153.53,0.0
005915.png,491.88,161.77,510.88,226.69,Pedestrian,2,64.91999999999999,0.0
006645.png,1098.33,152.94,1178.66,298.47,Pedestrian,2,145.53000000000003,0.0
006645.png,810.4,171.37,833.4,235.12,Pedestrian,2,63.75,0.0
006645.png,789.48,165.66,818.81,235.69,Pedestrian,2,70.03,0.0
006224.png,812.63,165.7,834.63,240.9,Pedestrian,2,75.20000000000002,0.0
000870.png,1133.65,159.51,1187.31,280.15,Pedestrian,2,120.63999999999999,0.0
000870.png,515.75,170.01,531.08,220.06,Pedestrian,2,50.05000000000001,0.0
003195.png,575.87,172.47,583.54,194.81,Pedestrian,2,22.340000000000003,0.0
003421.png,485.0,157.48,553.58,333.03,Pedestrian,2,175.54999999999998,0.0
006396.png,586.45,154.47,624.38,232.12,Pedestrian,2,77.65,0.0
006396.png,395.56,156.06,429.71,245.31,Pedestrian,2,89.25,0.0
006396.png,166.75,177.64,194.47,242.58,Pedestrian,2,64.94000000000003,0.0
006396.png,146.09,181.3,175.0,244.17,Pedestrian,2,62.869999999999976,0.0
006396.png,167.93,177.67,204.55,243.5,Pedestrian,2,65.83000000000001,0.0
006396.png,122.47,172.54,166.17,255.53,Pedestrian,2,82.99000000000001,0.0
006396.png,272.0,163.03,298.41,243.99,Pedestrian,2,80.96000000000001,0.0
005568.png,429.67,154.21,485.09,284.95,Pedestrian,2,130.73999999999998,0.0
005568.png,244.66,157.02,278.12,231.4,Pedestrian,2,74.38,0.0
005568.png,130.8,150.89,163.01,236.6,Pedestrian,2,85.71000000000001,0.0
005568.png,142.87,146.63,162.36,209.54,Pedestrian,2,62.91,0.0
005568.png,123.45,153.99,151.97,232.28,Pedestrian,2,78.28999999999999,0.0
005568.png,196.09,146.32,221.11,214.59,Pedestrian,2,68.27000000000001,0.0
005568.png,167.13,152.19,190.22,213.05,Pedestrian,2,60.860000000000014,0.0
005568.png,271.81,158.64,284.51,208.81,Pedestrian,2,50.170000000000016,0.0
005568.png,248.69,153.41,264.96,206.35,Pedestrian,2,52.94,0.0
005568.png,238.05,159.9,252.93,205.38,Pedestrian,2,45.47999999999999,0.0
005568.png,217.04,156.28,233.78,206.35,Pedestrian,2,50.06999999999999,0.0
005568.png,221.48,153.27,236.44,197.14,Pedestrian,2,43.869999999999976,0.0
007265.png,868.13,165.07,925.15,291.76,Pedestrian,2,126.69,0.0
007265.png,218.95,185.48,269.05,312.17,Pedestrian,2,126.69000000000003,0.0
007265.png,455.08,175.08,482.73,253.22,Pedestrian,2,78.13999999999999,0.0
007265.png,513.69,179.28,530.46,232.27,Pedestrian,2,52.99000000000001,0.0
007265.png,573.46,177.3,590.98,217.44,Pedestrian,2,40.139999999999986,0.0
007265.png,615.22,176.78,631.01,218.04,Pedestrian,2,41.25999999999999,0.0
001191.png,161.44,144.56,242.44,305.05,Pedestrian,2,160.49,0.0
006830.png,541.78,153.09,605.78,327.11,Pedestrian,2,174.02,0.0
000713.png,880.88,163.99,904.16,241.8,Pedestrian,2,77.81,0.0
003586.png,379.99,173.26,398.18,229.09,Pedestrian,2,55.83000000000001,0.0
003586.png,303.28,166.59,326.39,218.2,Pedestrian,2,51.609999999999985,0.0
006198.png,454.8,160.56,473.59,233.53,Pedestrian,2,72.97,0.0
006198.png,466.16,165.1,477.32,226.26,Pedestrian,2,61.16,0.0
006198.png,473.57,166.85,487.45,228.9,Pedestrian,2,62.05000000000001,0.0
006051.png,686.88,159.26,718.9,230.89,Pedestrian,2,71.63,0.0
006051.png,691.08,161.4,720.09,230.67,Pedestrian,2,69.26999999999998,0.0
002920.png,133.44,161.79,185.78,308.64,Pedestrian,2,146.85,0.0
002920.png,49.98,147.44,119.31,320.11,Pedestrian,2,172.67000000000002,0.0
002920.png,265.24,151.92,357.24,355.49,Pedestrian,2,203.57000000000002,0.0
002920.png,661.57,171.8,672.9,213.29,Pedestrian,2,41.48999999999998,0.0
002920.png,670.55,174.73,679.21,210.58,Pedestrian,2,35.85000000000002,0.0
002920.png,1035.71,180.07,1051.38,221.93,Pedestrian,2,41.860000000000014,0.0
002920.png,1060.77,186.98,1087.44,229.72,Pedestrian,2,42.74000000000001,0.0
003965.png,598.98,158.41,619.98,226.82,Pedestrian,2,68.41,0.0
000727.png,612.21,168.14,634.88,236.36,Pedestrian,2,68.22000000000003,0.0
000727.png,619.64,161.07,649.64,238.29,Pedestrian,2,77.22,0.0
000727.png,875.14,152.71,988.8,373.0,Pedestrian,2,220.29,0.03453139215707779
000727.png,1111.85,115.63,1237.0,373.0,Pedestrian,2,257.37,0.0
000727.png,571.19,164.53,607.19,254.28,Pedestrian,2,89.75,0.0
002728.png,880.88,164.48,897.91,210.8,Pedestrian,2,46.32000000000002,0.0
003331.png,1038.08,155.07,1113.05,314.58,Pedestrian,2,159.51,0.0
000625.png,835.03,143.71,904.6,336.19,Pedestrian,2,192.48,0.05540537089109421
000625.png,754.11,143.74,793.96,260.4,Pedestrian,2,116.65999999999997,0.04003817215561867
000625.png,768.86,145.83,800.26,258.84,Pedestrian,2,113.00999999999996,0.03013899363577366
000625.png,651.93,141.73,671.93,202.52,Pedestrian,2,60.79000000000002,0.0
000625.png,281.47,138.34,321.06,259.81,Pedestrian,2,121.47,0.0
000625.png,479.4,152.84,500.03,209.41,Pedestrian,2,56.56999999999999,0.0
000625.png,497.34,149.24,517.96,209.84,Pedestrian,2,60.599999999999994,0.0
000625.png,419.6,139.99,446.11,218.9,Pedestrian,2,78.91,0.0972428247332573
000625.png,405.54,140.71,424.24,208.77,Pedestrian,2,68.06,0.0
000625.png,619.17,141.95,636.17,195.96,Pedestrian,2,54.01000000000002,0.0
004780.png,800.08,134.25,860.08,293.36,Pedestrian,2,159.11,0.0
003114.png,538.59,161.13,562.45,216.62,Pedestrian,2,55.49000000000001,0.0
003114.png,407.08,162.43,428.71,223.94,Pedestrian,2,61.50999999999999,0.0
003114.png,241.0,176.94,261.98,224.94,Pedestrian,2,48.0,0.0
003114.png,234.73,179.23,257.92,225.5,Pedestrian,2,46.27000000000001,0.0
003114.png,325.47,173.88,346.41,221.5,Pedestrian,2,47.620000000000005,0.0
003114.png,316.45,170.75,342.09,228.59,Pedestrian,2,57.84,0.0
003114.png,408.83,161.21,425.17,220.38,Pedestrian,2,59.16999999999999,0.0
006354.png,346.8,142.62,429.47,303.0,Pedestrian,2,160.38,0.0
003800.png,505.89,164.53,524.89,231.06,Pedestrian,2,66.53,0.0
003800.png,510.62,165.7,523.4,221.94,Pedestrian,2,56.24000000000001,0.0
000151.png,1213.3,130.53,1223.0,226.21,Pedestrian,2,95.68,0.0
003465.png,835.29,162.59,874.29,257.71,Pedestrian,2,95.11999999999998,0.0
005230.png,1064.1,151.42,1097.4,234.88,Pedestrian,2,83.46000000000001,0.0
003323.png,725.76,153.76,741.76,200.84,Pedestrian,2,47.08000000000001,0.0
003323.png,744.45,154.29,756.78,201.41,Pedestrian,2,47.120000000000005,0.0
003295.png,125.73,157.36,188.52,307.94,Pedestrian,2,150.57999999999998,0.0
002723.png,474.11,179.45,486.44,210.7,Pedestrian,2,31.25,0.0
000633.png,277.84,146.16,389.01,354.19,Pedestrian,2,208.03,0.0
003402.png,744.65,173.31,762.31,216.51,Pedestrian,2,43.19999999999999,0.0
005294.png,997.92,168.11,1034.95,252.14,Pedestrian,2,84.02999999999997,0.0
005294.png,1022.42,175.84,1048.49,242.45,Pedestrian,2,66.60999999999999,0.0
005294.png,1229.24,159.7,1241.0,240.6,Pedestrian,2,80.9,0.0
005294.png,1095.45,170.12,1110.44,217.48,Pedestrian,2,47.359999999999985,0.0
001981.png,84.76,153.28,146.77,304.12,Pedestrian,2,150.84,0.0
001981.png,739.5,160.05,760.06,232.58,Pedestrian,2,72.53,0.0
001981.png,888.69,164.26,926.03,241.86,Pedestrian,2,77.60000000000002,0.0
005040.png,401.96,180.16,436.14,249.87,Pedestrian,2,69.71000000000001,0.0
005571.png,707.07,167.13,726.68,237.18,Pedestrian,2,70.05000000000001,0.0
005571.png,680.18,172.85,698.31,232.14,Pedestrian,2,59.28999999999999,0.0
005571.png,352.93,174.45,368.53,246.37,Pedestrian,2,71.92000000000002,0.0
001220.png,873.12,131.77,953.45,331.13,Pedestrian,2,199.35999999999999,0.0
001220.png,884.34,152.44,915.04,211.4,Pedestrian,2,58.96000000000001,0.0
001220.png,643.46,155.88,694.13,263.29,Pedestrian,2,107.41000000000003,0.0
001220.png,586.5,153.1,639.84,256.61,Pedestrian,2,103.51000000000002,0.0
001220.png,589.11,145.5,642.78,261.0,Pedestrian,2,115.5,0.0
001220.png,883.77,153.0,933.77,223.04,Pedestrian,2,70.03999999999999,0.0
001220.png,1102.2,150.6,1126.2,229.24,Pedestrian,2,78.64000000000001,0.0
001220.png,1143.65,142.73,1173.65,232.73,Pedestrian,2,90.0,0.0
001220.png,1108.12,153.82,1134.12,227.51,Pedestrian,2,73.69,0.0
006762.png,1096.16,156.97,1178.67,317.28,Pedestrian,2,160.30999999999997,0.0
002564.png,842.96,163.9,857.63,203.89,Pedestrian,2,39.98999999999998,0.0
002699.png,958.65,85.35,1237.0,373.0,Pedestrian,2,287.65,0.0
002699.png,174.97,140.69,411.84,373.0,Pedestrian,2,232.31,0.0
004470.png,162.03,159.43,230.78,298.85,Pedestrian,2,139.42000000000002,0.0
000048.png,659.64,160.9,687.89,236.97,Pedestrian,2,76.07,0.0
000048.png,680.59,157.38,711.83,236.18,Pedestrian,2,78.80000000000001,0.0
000048.png,453.2,159.81,482.53,241.31,Pedestrian,2,81.5,0.0
001322.png,1078.75,164.34,1118.57,260.04,Pedestrian,2,95.70000000000002,0.0
001322.png,1065.43,175.07,1093.97,252.63,Pedestrian,2,77.56,0.0
001322.png,1134.05,168.27,1149.41,219.37,Pedestrian,2,51.099999999999994,0.0
001648.png,182.18,149.09,203.27,196.57,Pedestrian,2,47.47999999999999,0.0
001648.png,0.0,144.24,58.05,257.46,Pedestrian,2,113.21999999999997,0.5557270646095276
001648.png,203.58,153.58,229.18,216.4,Pedestrian,2,62.81999999999999,0.0
001648.png,173.45,150.12,200.25,214.15,Pedestrian,2,64.03,0.0
001648.png,808.75,148.61,879.63,331.32,Pedestrian,2,182.70999999999998,0.0
001648.png,831.32,148.03,896.23,318.17,Pedestrian,2,170.14000000000001,0.02060064859688282
001648.png,954.76,137.68,1034.08,336.26,Pedestrian,2,198.57999999999998,0.014226885512471199
001648.png,967.4,142.08,1075.36,369.0,Pedestrian,2,226.92,0.0
004343.png,285.2,185.44,334.91,280.69,Pedestrian,2,95.25,0.0
004343.png,220.08,193.82,265.78,291.71,Pedestrian,2,97.88999999999999,0.0
001211.png,882.18,153.08,922.83,250.57,Pedestrian,2,97.48999999999998,0.0
001211.png,937.19,156.12,971.58,249.8,Pedestrian,2,93.68,0.0
001211.png,36.52,158.96,67.18,235.42,Pedestrian,2,76.45999999999998,0.0
005665.png,587.6,185.28,602.6,223.41,Pedestrian,2,38.129999999999995,0.0
005665.png,0.0,177.4,20.03,243.86,Pedestrian,2,66.46000000000001,0.0
005665.png,13.55,184.08,39.55,241.64,Pedestrian,2,57.559999999999974,0.0
005665.png,180.24,180.78,201.24,240.57,Pedestrian,2,59.78999999999999,0.0
005665.png,163.65,184.95,182.98,235.78,Pedestrian,2,50.83000000000001,0.0
005665.png,510.81,177.21,528.81,221.61,Pedestrian,2,44.400000000000006,0.0
005665.png,545.42,182.99,560.09,227.2,Pedestrian,2,44.20999999999998,0.0
004788.png,517.3,161.91,538.84,207.56,Pedestrian,2,45.650000000000006,0.0
004788.png,418.77,159.94,442.86,209.55,Pedestrian,2,49.610000000000014,0.0
004788.png,391.02,165.53,409.82,212.58,Pedestrian,2,47.05000000000001,0.0
001661.png,884.31,162.41,924.98,256.75,Pedestrian,2,94.34,0.0
001661.png,777.16,171.52,794.49,223.49,Pedestrian,2,51.97,0.0
001661.png,764.74,166.09,782.41,223.05,Pedestrian,2,56.96000000000001,0.0
003155.png,365.33,172.84,391.0,239.48,Pedestrian,2,66.63999999999999,0.0
000288.png,732.33,155.07,794.36,306.25,Pedestrian,2,151.18,0.0
005840.png,809.14,154.92,858.81,306.81,Pedestrian,2,151.89000000000001,0.0
005840.png,827.26,147.7,901.26,316.88,Pedestrian,2,169.18,0.0
005840.png,294.91,167.45,352.57,275.37,Pedestrian,2,107.92000000000002,0.0
005840.png,265.73,170.99,304.07,278.0,Pedestrian,2,107.00999999999999,0.0
001786.png,830.17,157.42,853.84,227.43,Pedestrian,2,70.01000000000002,0.0
007338.png,461.34,164.82,494.25,216.46,Pedestrian,2,51.640000000000015,0.0
002956.png,723.44,145.08,820.36,338.87,Pedestrian,2,193.79,0.0
002108.png,383.94,146.12,438.6,307.04,Pedestrian,2,160.92000000000002,0.0
007420.png,852.64,136.08,959.31,373.0,Pedestrian,2,236.92,0.0
007420.png,1007.57,115.4,1080.57,320.25,Pedestrian,2,204.85,0.0
007420.png,1218.25,123.54,1237.0,321.17,Pedestrian,2,197.63,0.0
007420.png,513.72,162.17,537.38,247.1,Pedestrian,2,84.93,0.0
007420.png,483.25,164.22,510.91,244.73,Pedestrian,2,80.50999999999999,0.0
007420.png,577.21,161.67,601.87,232.35,Pedestrian,2,70.68,0.0
007420.png,609.68,160.27,626.18,212.88,Pedestrian,2,52.609999999999985,0.0
007420.png,629.62,162.2,647.96,230.16,Pedestrian,2,67.96000000000001,0.0
007420.png,698.63,155.8,719.3,215.36,Pedestrian,2,59.56,0.0
007420.png,464.39,162.89,505.43,230.99,Pedestrian,2,68.10000000000002,0.04650014266371727
007420.png,660.01,162.33,677.01,223.21,Pedestrian,2,60.879999999999995,0.0
005170.png,896.58,119.62,1195.16,373.0,Pedestrian,2,253.38,0.0
005170.png,445.55,146.61,526.88,324.28,Pedestrian,2,177.66999999999996,0.0
002410.png,592.83,148.34,668.16,328.46,Pedestrian,2,180.11999999999998,0.0
002410.png,918.28,148.41,984.28,369.0,Pedestrian,2,220.59,0.0
002410.png,1081.86,117.05,1149.53,369.0,Pedestrian,2,251.95,0.0
002410.png,1004.93,145.27,1092.59,369.0,Pedestrian,2,223.73,0.0
005933.png,904.59,162.85,923.19,213.71,Pedestrian,2,50.860000000000014,0.0
001984.png,568.2,154.96,612.83,291.48,Pedestrian,2,136.52,0.0
001233.png,1044.03,154.13,1109.03,298.62,Pedestrian,2,144.49,0.0
002680.png,208.53,167.42,285.28,331.5,Pedestrian,2,164.08,0.0
005523.png,765.97,153.95,788.3,221.11,Pedestrian,2,67.16000000000003,0.0
005523.png,787.07,153.45,809.74,220.74,Pedestrian,2,67.29000000000002,0.0
004679.png,747.54,162.05,808.2,320.64,Pedestrian,2,158.58999999999997,0.0
005532.png,1011.84,139.61,1102.17,364.59,Pedestrian,2,224.97999999999996,0.06238977238535881
005532.png,1047.64,145.24,1119.17,361.05,Pedestrian,2,215.81,0.043514203280210495
005532.png,652.63,141.47,672.3,202.34,Pedestrian,2,60.870000000000005,0.0
005532.png,282.65,138.09,321.48,259.3,Pedestrian,2,121.21000000000001,0.0
005532.png,515.19,154.4,545.32,232.7,Pedestrian,2,78.29999999999998,0.0
005532.png,552.05,148.82,582.77,232.39,Pedestrian,2,83.57,0.0
005532.png,833.89,147.72,889.54,270.16,Pedestrian,2,122.44000000000003,0.03898246958851814
005532.png,478.89,141.42,506.12,219.49,Pedestrian,2,78.07000000000002,0.0
005532.png,474.42,141.02,497.98,212.31,Pedestrian,2,71.28999999999999,0.0
005532.png,433.2,140.33,463.23,214.54,Pedestrian,2,74.20999999999998,0.0
005532.png,430.66,139.18,458.9,215.57,Pedestrian,2,76.38999999999999,0.0
005532.png,598.7,139.99,612.87,193.98,Pedestrian,2,53.98999999999998,0.0
005532.png,645.52,145.79,665.18,198.75,Pedestrian,2,52.96000000000001,0.0
006236.png,685.42,178.25,706.42,225.96,Pedestrian,2,47.71000000000001,0.0
004514.png,253.66,143.91,328.35,309.52,Pedestrian,2,165.60999999999999,0.0
004827.png,917.41,159.2,963.41,262.92,Pedestrian,2,103.72000000000003,0.0
004827.png,782.56,170.21,797.22,224.78,Pedestrian,2,54.56999999999999,0.0
004827.png,771.07,164.97,789.07,224.82,Pedestrian,2,59.849999999999994,0.0
002189.png,488.69,177.12,512.44,236.69,Pedestrian,2,59.56999999999999,0.0
002189.png,409.62,167.48,448.56,264.74,Pedestrian,2,97.26000000000002,0.0
002189.png,457.02,171.69,484.99,249.46,Pedestrian,2,77.77000000000001,0.0
002189.png,704.69,164.49,727.29,231.54,Pedestrian,2,67.04999999999998,0.0
002189.png,722.28,165.86,745.88,229.23,Pedestrian,2,63.369999999999976,0.0
005654.png,761.85,160.94,785.18,227.85,Pedestrian,2,66.91,0.0
003492.png,204.89,196.67,277.22,348.93,Pedestrian,2,152.26000000000002,0.0
000401.png,116.32,155.71,176.8,343.38,Pedestrian,2,187.67,0.0
000401.png,217.68,166.17,252.76,301.7,Pedestrian,2,135.53,0.0
000401.png,244.92,171.31,275.35,309.62,Pedestrian,2,138.31,0.0
000671.png,757.54,137.53,812.16,307.56,Pedestrian,2,170.03,0.0
000827.png,323.7,150.93,401.14,308.35,Pedestrian,2,157.42000000000002,0.0
005808.png,1069.96,139.06,1155.26,304.23,Pedestrian,2,165.17000000000002,0.0
003391.png,523.32,171.29,529.82,207.2,Pedestrian,2,35.91,0.0
006676.png,789.0,155.29,893.33,323.19,Pedestrian,2,167.9,0.0
002157.png,755.59,161.63,774.59,222.87,Pedestrian,2,61.24000000000001,0.0
004186.png,688.38,170.84,705.0,214.65,Pedestrian,2,43.81,0.0
004186.png,5.62,164.86,27.77,241.21,Pedestrian,2,76.35,0.0
004186.png,924.01,160.88,933.96,201.67,Pedestrian,2,40.78999999999999,0.0
004186.png,922.47,163.83,928.91,193.64,Pedestrian,2,29.809999999999974,0.0
005239.png,1130.46,162.38,1172.65,265.93,Pedestrian,2,103.55000000000001,0.0
005239.png,1095.97,174.45,1135.37,259.83,Pedestrian,2,85.38,0.0
005239.png,1156.2,167.77,1174.0,221.12,Pedestrian,2,53.349999999999994,0.0
006807.png,68.16,155.81,154.5,328.93,Pedestrian,2,173.12,0.0
000477.png,91.55,160.07,147.88,298.05,Pedestrian,2,137.98000000000002,0.0
006777.png,761.33,172.71,780.33,222.32,Pedestrian,2,49.609999999999985,0.06095986068248749
000966.png,663.62,145.53,684.28,202.25,Pedestrian,2,56.72,0.013625849038362503
000966.png,259.39,139.6,296.73,261.19,Pedestrian,2,121.59,0.0
000966.png,1049.13,121.71,1223.0,369.0,Pedestrian,2,247.29000000000002,0.004726394545286894
000966.png,799.68,138.76,883.35,330.77,Pedestrian,2,192.01,0.048937465995550156
000966.png,723.48,147.02,788.14,336.46,Pedestrian,2,189.43999999999997,0.022152023389935493
000966.png,917.3,138.78,1007.63,342.3,Pedestrian,2,203.52,0.0491521842777729
000966.png,1025.9,147.68,1101.9,343.11,Pedestrian,2,195.43,0.008943123742938042
000966.png,892.66,160.69,924.66,238.02,Pedestrian,2,77.33000000000001,0.0
000966.png,503.26,143.48,568.93,324.2,Pedestrian,2,180.72,0.0
000966.png,556.1,158.21,600.1,303.83,Pedestrian,2,145.61999999999998,0.0
000966.png,590.22,140.25,638.88,300.54,Pedestrian,2,160.29000000000002,0.0051090107299387455
000966.png,634.44,163.42,678.78,294.0,Pedestrian,2,130.58,0.0
000966.png,663.17,143.21,708.5,284.84,Pedestrian,2,141.62999999999997,0.027972722426056862
000966.png,498.55,141.18,534.22,240.17,Pedestrian,2,98.98999999999998,0.0
000966.png,564.1,146.46,607.96,238.24,Pedestrian,2,91.78,0.0
000966.png,599.1,139.34,648.35,238.58,Pedestrian,2,99.24000000000001,0.014276780188083649
000966.png,661.09,141.95,706.24,235.84,Pedestrian,2,93.89000000000001,0.03416308015584946
006151.png,751.11,162.61,833.02,327.06,Pedestrian,2,164.45,0.0
002837.png,893.08,140.1,971.86,296.7,Pedestrian,2,156.6,0.0
002837.png,0.0,154.98,64.2,357.34,Pedestrian,2,202.35999999999999,0.8256387114524841
000294.png,105.7,146.73,217.36,330.32,Pedestrian,2,183.59,0.0
001910.png,445.0,176.69,484.99,287.61,Pedestrian,2,110.92000000000002,0.0
001910.png,406.92,171.75,446.93,291.43,Pedestrian,2,119.68,0.0
001910.png,708.74,161.93,742.02,242.47,Pedestrian,2,80.53999999999999,0.0
001910.png,748.09,160.14,777.69,242.81,Pedestrian,2,82.67000000000002,0.0
001910.png,374.36,168.98,405.37,245.35,Pedestrian,2,76.37,0.0
003642.png,759.73,177.74,799.07,271.75,Pedestrian,2,94.00999999999999,0.0
003642.png,684.57,171.79,698.57,201.03,Pedestrian,2,29.24000000000001,0.0
006892.png,819.74,156.04,878.74,298.67,Pedestrian,2,142.63000000000002,0.0
000520.png,700.73,155.37,760.4,301.47,Pedestrian,2,146.10000000000002,0.0
001279.png,874.6,133.17,938.63,290.95,Pedestrian,2,157.78,0.0
002954.png,912.6,155.8,1001.68,337.47,Pedestrian,2,181.67000000000002,0.0
002954.png,808.44,182.11,875.79,322.21,Pedestrian,2,140.09999999999997,0.0
005553.png,714.6,165.97,725.99,207.8,Pedestrian,2,41.83000000000001,0.0
002478.png,691.52,155.23,796.52,324.32,Pedestrian,2,169.09,0.0
001037.png,894.95,155.52,976.95,322.19,Pedestrian,2,166.67,0.0
005065.png,924.29,141.64,991.77,291.48,Pedestrian,2,149.84000000000003,0.0
005065.png,646.65,173.67,662.96,224.9,Pedestrian,2,51.23000000000002,0.0
005065.png,662.54,171.09,682.76,224.47,Pedestrian,2,53.379999999999995,0.0
005065.png,516.62,171.71,539.0,226.9,Pedestrian,2,55.19,0.0
004940.png,160.14,149.07,265.19,361.59,Pedestrian,2,212.51999999999998,0.0
004400.png,825.34,128.26,917.53,326.51,Pedestrian,2,198.25,0.0
004400.png,1032.18,151.92,1089.5,292.3,Pedestrian,2,140.38000000000002,0.0
003437.png,973.31,148.38,1052.97,350.53,Pedestrian,2,202.14999999999998,0.0
003437.png,1174.56,110.58,1223.0,279.62,Pedestrian,2,169.04000000000002,0.0
003437.png,727.24,151.57,757.9,225.46,Pedestrian,2,73.89000000000001,0.0
003437.png,764.45,155.58,780.45,205.5,Pedestrian,2,49.91999999999999,0.0
003437.png,723.18,153.04,749.45,214.46,Pedestrian,2,61.420000000000016,0.0
003437.png,698.48,151.91,730.14,214.15,Pedestrian,2,62.24000000000001,0.0
003437.png,728.95,147.58,754.95,215.0,Pedestrian,2,67.41999999999999,0.0
001428.png,441.09,161.1,486.42,279.52,Pedestrian,2,118.41999999999999,0.0
001428.png,389.84,147.59,436.17,282.6,Pedestrian,2,135.01000000000002,0.0
001428.png,536.47,154.4,582.14,295.43,Pedestrian,2,141.03,0.0
001428.png,859.03,160.25,874.03,201.88,Pedestrian,2,41.629999999999995,0.0
001428.png,879.04,160.85,891.37,197.18,Pedestrian,2,36.33000000000001,0.0
004261.png,635.28,184.94,648.95,221.8,Pedestrian,2,36.860000000000014,0.0
004261.png,116.03,177.66,135.7,236.47,Pedestrian,2,58.81,0.0
004261.png,140.64,181.36,161.31,231.96,Pedestrian,2,50.599999999999994,0.0
004261.png,293.78,180.51,313.12,233.18,Pedestrian,2,52.670000000000016,0.0
004261.png,276.66,184.05,298.0,228.97,Pedestrian,2,44.91999999999999,0.0
004261.png,571.51,177.35,589.84,219.29,Pedestrian,2,41.94,0.0
004261.png,596.92,183.75,608.59,225.58,Pedestrian,2,41.83000000000001,0.0
005131.png,958.34,145.9,980.52,209.25,Pedestrian,2,63.349999999999994,0.0
005131.png,366.42,144.26,457.54,369.0,Pedestrian,2,224.74,0.0
005131.png,245.97,136.78,345.92,361.7,Pedestrian,2,224.92,0.0
005131.png,325.33,123.39,425.63,369.0,Pedestrian,2,245.61,0.0
005131.png,784.6,152.04,821.09,236.61,Pedestrian,2,84.57000000000002,0.0
005131.png,1061.49,139.33,1095.65,242.52,Pedestrian,2,103.19,0.0
005131.png,1095.09,128.22,1136.52,249.42,Pedestrian,2,121.19999999999999,0.0
005131.png,1077.25,147.82,1109.26,245.49,Pedestrian,2,97.67000000000002,0.0
006653.png,135.77,151.88,209.86,310.55,Pedestrian,2,158.67000000000002,0.0
007156.png,569.37,173.02,577.04,191.93,Pedestrian,2,18.909999999999997,0.0
007156.png,573.35,172.98,580.68,191.33,Pedestrian,2,18.350000000000023,0.0
006166.png,488.21,171.63,509.04,219.97,Pedestrian,2,48.34,0.0
004499.png,346.29,168.7,372.63,255.91,Pedestrian,2,87.21000000000001,0.0
002327.png,460.58,164.98,483.58,239.7,Pedestrian,2,74.72,0.0
002327.png,438.63,165.98,465.96,240.29,Pedestrian,2,74.31,0.0
002327.png,417.64,169.26,431.64,210.46,Pedestrian,2,41.20000000000002,0.0
000892.png,396.19,178.4,447.06,318.32,Pedestrian,2,139.92,0.0
000892.png,346.97,171.02,402.2,320.78,Pedestrian,2,149.75999999999996,0.0
000892.png,732.66,160.4,771.81,258.15,Pedestrian,2,97.74999999999997,0.0
000892.png,774.52,156.91,815.57,256.83,Pedestrian,2,99.91999999999999,0.0
000892.png,322.11,168.53,355.37,260.49,Pedestrian,2,91.96000000000001,0.0
006065.png,980.68,155.86,1005.68,225.21,Pedestrian,2,69.35,0.0
006065.png,979.32,158.77,1007.33,226.4,Pedestrian,2,67.63,0.0
004281.png,17.7,193.32,165.88,374.0,Pedestrian,2,180.68,0.0
004433.png,669.19,172.3,686.19,205.83,Pedestrian,2,33.53,0.0
001525.png,0.0,162.33,133.53,373.0,Pedestrian,2,210.67,0.39468488097190857
001525.png,976.42,148.49,1031.02,277.62,Pedestrian,2,129.13,0.0
007122.png,854.38,163.0,866.26,189.63,Pedestrian,2,26.629999999999995,0.0024911873042583466
007046.png,681.29,177.36,699.62,222.4,Pedestrian,2,45.03999999999999,0.0
005905.png,615.84,173.03,640.17,218.27,Pedestrian,2,45.24000000000001,0.0
006980.png,1072.11,126.04,1237.0,373.0,Pedestrian,2,246.95999999999998,0.0
006980.png,677.95,165.3,744.11,338.31,Pedestrian,2,173.01,0.0
006980.png,0.0,141.92,260.91,373.0,Pedestrian,2,231.08,0.0
006980.png,943.23,127.46,984.85,275.65,Pedestrian,2,148.19,0.0
006980.png,959.37,144.32,1018.38,273.38,Pedestrian,2,129.06,0.0
006980.png,494.71,171.79,513.83,235.67,Pedestrian,2,63.879999999999995,0.0
006980.png,476.88,175.68,495.57,235.83,Pedestrian,2,60.150000000000006,0.0
006980.png,561.68,171.88,581.63,236.19,Pedestrian,2,64.31,0.0
006980.png,577.47,169.72,593.18,219.05,Pedestrian,2,49.33000000000001,0.0
006980.png,596.1,171.02,613.68,232.59,Pedestrian,2,61.56999999999999,0.0
006980.png,498.98,170.6,518.91,231.67,Pedestrian,2,61.06999999999999,0.007653804030269384
003912.png,545.15,170.42,555.15,199.15,Pedestrian,2,28.730000000000018,0.0
002271.png,220.25,146.17,303.77,329.83,Pedestrian,2,183.66,0.0
005314.png,677.04,174.66,693.37,217.31,Pedestrian,2,42.650000000000006,0.0
004546.png,86.69,146.24,174.35,315.57,Pedestrian,2,169.32999999999998,0.0
006068.png,1045.89,153.4,1128.89,323.19,Pedestrian,2,169.79,0.0
007278.png,499.95,155.21,566.95,309.56,Pedestrian,2,154.35,0.0
001378.png,308.24,172.14,339.61,270.26,Pedestrian,2,98.12,0.0
000764.png,191.56,151.62,208.06,199.13,Pedestrian,2,47.50999999999999,0.0
000764.png,247.7,154.0,269.81,217.58,Pedestrian,2,63.58000000000001,0.0
000764.png,239.78,153.67,256.33,202.26,Pedestrian,2,48.59,0.0
000764.png,437.93,156.84,473.47,266.13,Pedestrian,2,109.28999999999999,0.0
000764.png,462.49,156.18,532.96,260.28,Pedestrian,2,104.09999999999997,0.0
000764.png,517.49,154.0,564.51,269.88,Pedestrian,2,115.88,0.0
000764.png,767.39,149.56,830.12,314.49,Pedestrian,2,164.93,0.0
000764.png,774.52,153.68,844.19,301.15,Pedestrian,2,147.46999999999997,0.0
000764.png,563.98,160.24,621.88,315.82,Pedestrian,2,155.57999999999998,0.0
000764.png,596.78,155.28,652.96,302.28,Pedestrian,2,146.99999999999997,0.0
000764.png,650.91,161.54,696.79,290.68,Pedestrian,2,129.14000000000001,0.0
000764.png,462.57,155.82,502.29,279.93,Pedestrian,2,124.11000000000001,0.0
003518.png,343.52,157.04,389.91,279.74,Pedestrian,2,122.70000000000002,0.0
003518.png,440.04,160.1,469.97,258.35,Pedestrian,2,98.25000000000003,0.0
003518.png,446.15,154.65,478.09,253.18,Pedestrian,2,98.53,0.0
002691.png,841.27,175.74,882.61,308.75,Pedestrian,2,133.01,0.0
003476.png,471.38,157.4,546.71,299.24,Pedestrian,2,141.84,0.0
003156.png,608.5,163.48,619.08,185.86,Pedestrian,2,22.380000000000024,0.0
003156.png,469.85,168.95,479.45,193.35,Pedestrian,2,24.400000000000006,0.0
002560.png,503.51,163.95,521.47,209.39,Pedestrian,2,45.44,0.0
005510.png,407.55,152.87,472.98,364.95,Pedestrian,2,212.07999999999998,0.0
005510.png,326.76,162.12,419.53,373.0,Pedestrian,2,210.88,0.0
005510.png,637.81,156.87,671.37,243.14,Pedestrian,2,86.26999999999998,0.0
005510.png,485.23,162.94,507.23,218.18,Pedestrian,2,55.24000000000001,0.0
005510.png,478.05,164.03,496.16,216.94,Pedestrian,2,52.91,0.0
005510.png,634.08,157.87,653.57,216.99,Pedestrian,2,59.120000000000005,0.0
005510.png,689.87,158.61,714.85,241.88,Pedestrian,2,83.26999999999998,0.0
005510.png,729.09,153.55,754.51,222.74,Pedestrian,2,69.19,0.0
005510.png,752.63,150.52,772.77,211.18,Pedestrian,2,60.66,0.0
005510.png,330.62,165.88,389.54,253.85,Pedestrian,2,87.97,0.0
005510.png,716.04,162.28,737.61,232.42,Pedestrian,2,70.13999999999999,0.0
006765.png,374.93,164.28,401.34,259.14,Pedestrian,2,94.85999999999999,0.0
006765.png,397.98,165.05,416.4,242.08,Pedestrian,2,77.03,0.0
006765.png,405.96,166.05,421.21,244.54,Pedestrian,2,78.48999999999998,0.0
002643.png,138.03,148.8,224.7,333.73,Pedestrian,2,184.93,0.0
006029.png,446.7,155.13,534.37,315.19,Pedestrian,2,160.06,0.0
000015.png,1021.76,133.28,1101.39,316.63,Pedestrian,2,183.35,0.0
000015.png,672.23,171.73,690.13,224.33,Pedestrian,2,52.60000000000002,0.0
000015.png,692.68,169.14,712.48,224.03,Pedestrian,2,54.890000000000015,0.0
000015.png,537.84,168.08,560.9,224.34,Pedestrian,2,56.25999999999999,0.0
001371.png,694.35,171.96,704.02,205.52,Pedestrian,2,33.56,0.0
007289.png,387.35,161.43,402.68,202.2,Pedestrian,2,40.76999999999998,0.0
004729.png,361.64,176.1,382.61,236.26,Pedestrian,2,60.16,0.0
004729.png,281.39,168.93,302.07,224.04,Pedestrian,2,55.109999999999985,0.0
003759.png,302.19,175.11,362.3,330.18,Pedestrian,2,155.07,0.0
003759.png,256.1,160.76,310.93,322.42,Pedestrian,2,161.66000000000003,0.0
003759.png,730.03,166.92,763.73,275.81,Pedestrian,2,108.89000000000001,0.0
003759.png,546.87,177.34,561.49,213.82,Pedestrian,2,36.47999999999999,0.0
003759.png,535.5,174.77,550.14,213.27,Pedestrian,2,38.5,0.0
000804.png,432.96,175.3,442.6,222.8,Pedestrian,2,47.5,0.0
000825.png,778.29,135.23,831.29,295.9,Pedestrian,2,160.67,0.0
002617.png,305.56,149.77,381.33,310.7,Pedestrian,2,160.92999999999998,0.0
000726.png,683.15,157.93,747.94,299.93,Pedestrian,2,142.0,0.0
006427.png,627.2,153.47,700.54,373.0,Pedestrian,2,219.53,0.0
006427.png,579.81,165.34,682.69,337.85,Pedestrian,2,172.51000000000002,0.0
006427.png,446.4,165.25,512.06,330.62,Pedestrian,2,165.37,0.0
006427.png,346.87,166.5,398.2,302.48,Pedestrian,2,135.98000000000002,0.0
006427.png,573.78,159.51,623.78,291.71,Pedestrian,2,132.2,0.0
006427.png,427.78,159.23,468.78,278.47,Pedestrian,2,119.24000000000004,0.0
006427.png,458.38,171.04,517.04,305.25,Pedestrian,2,134.21,0.0
006427.png,476.93,158.01,544.97,262.53,Pedestrian,2,104.51999999999998,0.0
006427.png,521.48,161.11,574.48,288.3,Pedestrian,2,127.19,0.0
002267.png,799.4,146.49,855.73,306.25,Pedestrian,2,159.76,0.0
002315.png,764.56,171.51,826.22,331.14,Pedestrian,2,159.63,0.0
002315.png,337.41,175.67,393.41,317.28,Pedestrian,2,141.60999999999999,0.0
002315.png,250.94,178.45,294.94,313.04,Pedestrian,2,134.59000000000003,0.0
002315.png,984.09,161.47,1049.09,314.51,Pedestrian,2,153.04,0.0
002315.png,921.71,160.61,984.37,310.71,Pedestrian,2,150.09999999999997,0.0
002315.png,645.2,172.08,679.2,249.49,Pedestrian,2,77.41,0.0
002315.png,761.78,177.95,823.3,313.74,Pedestrian,2,135.79000000000002,0.0
002315.png,717.3,179.69,758.3,296.01,Pedestrian,2,116.32,0.0
002315.png,701.01,182.18,730.68,285.84,Pedestrian,2,103.65999999999997,0.0
002315.png,768.7,170.7,826.31,271.41,Pedestrian,2,100.71000000000004,0.0
002315.png,785.75,166.48,831.83,248.49,Pedestrian,2,82.01000000000002,0.0
003718.png,778.89,150.39,860.96,366.06,Pedestrian,2,215.67000000000002,0.0
003718.png,974.87,118.78,1036.18,299.82,Pedestrian,2,181.04,0.0
003718.png,1113.6,130.07,1159.57,300.67,Pedestrian,2,170.60000000000002,0.0
003718.png,503.43,166.08,525.31,241.61,Pedestrian,2,75.53,0.0
003718.png,477.75,168.56,502.16,239.96,Pedestrian,2,71.4,0.0
003718.png,566.92,164.91,590.15,233.14,Pedestrian,2,68.22999999999999,0.0
003718.png,594.79,163.44,613.16,214.86,Pedestrian,2,51.420000000000016,0.0
003718.png,612.93,165.39,631.68,230.79,Pedestrian,2,65.4,0.0
003718.png,684.16,158.8,703.07,216.33,Pedestrian,2,57.53,0.0
003718.png,474.93,164.91,515.27,230.39,Pedestrian,2,65.47999999999999,0.0
003718.png,634.27,165.65,652.21,224.75,Pedestrian,2,59.099999999999994,0.0
004442.png,425.66,195.43,459.4,300.67,Pedestrian,2,105.24000000000001,0.0
004442.png,481.78,201.04,513.36,284.41,Pedestrian,2,83.37000000000003,0.0
004442.png,487.93,196.68,515.2,280.93,Pedestrian,2,84.25,0.0
002460.png,0.0,161.82,84.79,374.0,Pedestrian,2,212.18,0.0
002671.png,990.14,142.47,1048.81,316.99,Pedestrian,2,174.52,0.0
002636.png,800.54,167.41,810.54,201.63,Pedestrian,2,34.22,0.0
000073.png,237.23,173.7,312.33,365.33,Pedestrian,2,191.63,0.0
000073.png,189.46,158.23,256.19,356.44,Pedestrian,2,198.21,0.0
000073.png,752.95,164.08,791.19,288.78,Pedestrian,2,124.69999999999996,0.0
000073.png,546.73,177.07,560.52,214.88,Pedestrian,2,37.81,0.0
000073.png,535.68,174.41,549.63,214.38,Pedestrian,2,39.97,0.0
002870.png,497.39,173.28,526.32,245.52,Pedestrian,2,72.24000000000001,0.0
002870.png,473.94,168.93,499.16,245.68,Pedestrian,2,76.75,0.0
002870.png,1041.33,156.16,1101.65,284.78,Pedestrian,2,128.61999999999998,0.0
002870.png,658.63,164.24,677.54,219.38,Pedestrian,2,55.139999999999986,0.0
002870.png,685.19,163.19,702.91,219.24,Pedestrian,2,56.05000000000001,0.0
000167.png,949.79,151.61,1008.78,268.52,Pedestrian,2,116.90999999999997,0.10822367668151855
002536.png,0.0,172.47,125.15,374.0,Pedestrian,2,201.53,0.5405750870704651
002536.png,822.07,158.48,875.34,334.36,Pedestrian,2,175.88000000000002,0.0
002536.png,547.54,174.35,564.2,215.44,Pedestrian,2,41.09,0.0
002536.png,532.41,171.8,548.89,215.17,Pedestrian,2,43.369999999999976,0.0
006572.png,344.65,171.45,369.65,236.02,Pedestrian,2,64.57000000000002,0.0
000923.png,331.66,164.51,367.32,266.68,Pedestrian,2,102.17000000000002,0.0
000923.png,319.14,164.42,359.45,260.67,Pedestrian,2,96.25000000000003,0.0
005380.png,395.25,175.22,412.97,227.2,Pedestrian,2,51.97999999999999,0.11093404144048691
005380.png,325.44,168.28,346.32,216.79,Pedestrian,2,48.50999999999999,0.13030388951301575
007286.png,1189.06,155.07,1241.0,279.18,Pedestrian,2,124.11000000000001,0.0
007286.png,1017.73,158.4,1059.09,252.26,Pedestrian,2,93.85999999999999,0.0
007286.png,201.13,156.22,232.16,228.22,Pedestrian,2,72.0,0.0
007286.png,212.62,167.47,250.14,227.34,Pedestrian,2,59.870000000000005,0.0
001770.png,702.81,167.68,716.48,206.27,Pedestrian,2,38.59,0.0
004996.png,210.49,169.27,249.12,265.68,Pedestrian,2,96.41,0.0
002420.png,849.41,160.4,876.67,236.55,Pedestrian,2,76.15,0.0
006627.png,857.29,148.91,897.29,253.36,Pedestrian,2,104.45000000000002,0.0
006627.png,847.2,155.58,902.12,251.2,Pedestrian,2,95.61999999999998,0.0
006627.png,647.91,168.92,662.24,206.35,Pedestrian,2,37.43000000000001,0.0
006627.png,274.26,189.94,297.59,255.81,Pedestrian,2,65.87,0.0
002117.png,743.92,144.77,810.59,324.07,Pedestrian,2,179.29999999999998,0.0
003502.png,642.49,145.68,664.83,202.48,Pedestrian,2,56.79999999999998,0.0
003502.png,252.09,138.2,291.22,258.47,Pedestrian,2,120.27000000000004,0.0
003502.png,1007.01,144.42,1129.65,369.0,Pedestrian,2,224.58,0.0
003502.png,882.85,136.58,996.34,369.0,Pedestrian,2,232.42,0.0
003502.png,746.52,145.47,784.28,219.67,Pedestrian,2,74.19999999999999,0.0
003502.png,576.57,129.72,670.11,369.0,Pedestrian,2,239.28,0.0
003502.png,603.91,165.98,669.6,366.98,Pedestrian,2,201.00000000000003,0.0
003502.png,673.45,139.13,737.83,359.89,Pedestrian,2,220.76,0.0
003502.png,720.08,173.99,780.55,351.01,Pedestrian,2,177.01999999999998,0.0
003502.png,759.08,148.86,824.87,336.94,Pedestrian,2,188.07999999999998,0.0
003502.png,835.59,161.44,901.64,346.11,Pedestrian,2,184.67000000000002,0.0
003502.png,271.37,165.6,349.49,349.62,Pedestrian,2,184.02,0.045812755823135376
003502.png,526.2,140.78,574.07,261.78,Pedestrian,2,120.99999999999997,0.0
003502.png,602.27,148.67,661.22,260.8,Pedestrian,2,112.13000000000002,0.0
003502.png,637.99,138.72,700.61,259.51,Pedestrian,2,120.78999999999999,0.0
003502.png,705.78,139.58,767.99,253.1,Pedestrian,2,113.51999999999998,0.0
001267.png,194.3,155.98,251.54,304.11,Pedestrian,2,148.13000000000002,0.0
001267.png,552.19,179.63,590.76,260.42,Pedestrian,2,80.79000000000002,0.0
001267.png,451.58,172.46,479.91,258.66,Pedestrian,2,86.20000000000002,0.0
001267.png,532.56,171.74,557.57,242.19,Pedestrian,2,70.44999999999999,0.0
001267.png,614.91,167.79,630.84,224.78,Pedestrian,2,56.99000000000001,0.0
001267.png,595.86,171.31,608.05,215.01,Pedestrian,2,43.69999999999999,0.0
000910.png,181.25,184.8,211.25,276.8,Pedestrian,2,92.0,0.0
005061.png,1101.98,150.65,1134.64,238.56,Pedestrian,2,87.91,0.0
005061.png,1018.22,150.33,1045.89,251.76,Pedestrian,2,101.42999999999998,0.0
005061.png,752.25,165.41,769.25,217.72,Pedestrian,2,52.31,0.0
005061.png,600.4,167.2,609.9,190.89,Pedestrian,2,23.689999999999998,0.0
005061.png,609.45,168.63,615.45,191.68,Pedestrian,2,23.05000000000001,0.0
006498.png,685.04,170.14,705.8,214.37,Pedestrian,2,44.23000000000002,0.0
002917.png,1138.98,146.22,1187.31,275.7,Pedestrian,2,129.48,0.0
002917.png,1202.86,144.31,1241.0,272.01,Pedestrian,2,127.69999999999999,0.0
003641.png,425.92,169.49,443.98,230.3,Pedestrian,2,60.81,0.0
003740.png,357.84,178.19,413.87,337.22,Pedestrian,2,159.03000000000003,0.0
003740.png,305.23,171.82,368.17,342.05,Pedestrian,2,170.23000000000002,0.0
003740.png,746.85,158.67,786.48,267.07,Pedestrian,2,108.4,0.0
003740.png,793.22,156.39,837.94,267.61,Pedestrian,2,111.22000000000003,0.0
003740.png,289.52,168.72,322.59,271.26,Pedestrian,2,102.53999999999999,0.0
007121.png,735.79,164.75,753.79,217.15,Pedestrian,2,52.400000000000006,0.0
